,0,1
0,Pilot Capless Decimo Fountain Pen,6950.0 PHP
1,Pilot Gtec Signpen 0.4 0.3,60.0 PHP
2,1 box (50pcs) Faber Castell Ballpen - 0.5mm,478.0 PHP
3,Pilot Hi-Tec-C Coleto 3 Color Barrel,65.0 PHP
4,"Pilot Hi- Tec-C Coleto 0.3, 0.4, 0.5 Refill",43.0 PHP
5,* WHOLESALE ONLY * Pilot BP-1 RT Fine 0.7 Retractable Ball Point Pen - Box of 12pcs (Black Blue Red),127.0 PHP
6,Pilot 3-pack Retractable Ballpen in Black,40.0 PHP
7,Pilot Acro 300 .5mm Pen,105.0 PHP
8,Pilot Gtec 0.3mm and 0.4mm,46.0 PHP
9,Pilot G-tec Gtec Sign Pen C4 / C3 Gel Pen,61.0 PHP
10,Pilot G-Tec C4 set of 10 colors & 5 colors,310.0 PHP
11,Pilot Hi-Tecpoint V5/V7 Sign Pen by Piece,49.0 PHP
12,Pilot Acroball M Series Ballpoint Pen 0.5mm- 1pc,92.0 PHP
13,Pilot Gtec Signpen 0.4 0.3,60.0 PHP
14,Pilot BP-145 Retractable Pen 0.7mm,41.0 PHP
15,Pilot sign pen hi-tecpoint v5 (1pc),50.0 PHP
16,Pilot Retractable Ballpen in Black,50.0 PHP
17,Pilot Pentel Pen Permanent Marker (Fine or Broad),32.0 PHP
18,Pilot gtec Sign Pen C4 / C3 G-tec,59.0 PHP
19,Pilot Acroball Pen Fine 0.5 and Extra Fine 0.7 in Black and Blue Color,49.0 PHP
20,Personalized Pilot Acroball White Pens,300.0 PHP
21,Pilot Acroball Ballpoint Pen T Series 0.3mm,180.0 PHP
22,Pilot G-2 Pen Retractable 0.5mm / 0.7mm,60.0 PHP
23,Pilot Acro 300 Ballpen 0.5 black ink (sold per piece) OPTIONS: WITH OR WITHOUT ENGRAVING,30.0 PHP
24,"pilot hi-tecpoint signpen V5, V7 retractable. price per pc",67.0 PHP
25,Pilot Ballpoint pen Fine Tip BP-S,24.0 PHP
26,Pilot Retractable Ballpen Pen BP-145-F-L,17.0 PHP
27,[FPS FairPriceSupplies] Pilot G-TEC C4 C3 GTEC Ultra Fine 0.4 Micro Fine 0.3 Roller Ball Pen (Each),58.0 PHP
28,Pilot Metropolitan Fountain Pen Animal Series and classic,870.0 PHP
29,Pilot G-Tech (Black) (1pc) (0.3mm and 0.4mm),59.0 PHP
30,Pilot Hi-Tec-C Coleto 3 Color Barrel,65.0 PHP
31,7 Colors PILOT BX-V5  High Quality Minimalist Liquid Gel Pen-0.5MM,25.0 PHP
32,Pilot Acroball 2+1 3+1 0.5mm Pens with mechanical,380.0 PHP
33,Pilot BP-1 RT Retractable Ballpen,140.0 PHP
34,Pilot Acroball 3+1 Ballpoint Multi Pen 0.5mm- 1pc,305.0 PHP
35,Pilot Acro Ballpen 300 Pens 0.5mm,106.0 PHP
36,Pilot better  Retractable Pen 0.7mm black blue red Bp-145,15.0 PHP
37,Pilot Ball pen BP-1RT affordable ballpen with grip,12.0 PHP
38,Pilot BP-S Ballpen per pc,25.0 PHP
39,Personalized Pilot Acro 300 Pens,320.0 PHP
40,Pilot Frixion Ball 3 Slim 3 Color Multi Pen 0.38mm- 1pc,345.0 PHP
41,Pilot Acroball Colored Retractable Pen 0.7mm,52.0 PHP
42,Pilot Gtec C4 Set 0.4mm,365.0 PHP
43,Pilot Frixion Retractable Rollerball Pen With Free Refill Blrt-Fr5 0.5Mm,88.0 PHP
44,[FPS FairPriceSupplies] Pilot V10 Grip Hi-tecpoint Roller Ball 1.0 Pen,67.0 PHP
45,"Pilot Acroball White Series, Acro 300, Acro 1000 Refill Fine 0.7 and Extra Fine 0.5 Black, Red, Blue",29.0 PHP
46,"Pilot Hi-tecpoint V5 or V7 RT Roller Ballpen or Refill Pure Liquid Ink 0.5mm in Black, Red,  Blue",37.0 PHP
47,Pilot G-tec Refill 0.4 and 0.3 Gtech Gtec Blue and Black,41.0 PHP
48,Pilot Acroball Pen Fine 0.5 and Extra Fine 0.7 in Black and Blue Color,49.0 PHP
49,0.3 mm Pilot Hi-Tec-C Coleto Gel Pen Refill,42.0 PHP
